{"dims": [1, 3, 7, 15, 31, 63, 127, 255, 511], "perf_map": {"1": [0.5344139412045479, 0.42700497433543205, 0.6327753886580467, 1.5707103535532951, 5.180048570036888, 20.584206003695726, 81.5611507743597, 318.75892616808414, 1436.1637658439577], "2": [0.5980122834444046, 0.5173211917281151, 0.6137832067906857, 1.1113033629953861, 3.0803633853793144, 11.169055011123419, 45.84551155567169, 178.52430855855346, 738.7162823230028], "4": [0.9755301289260387, 0.8396606892347336, 0.8881947956979275, 1.1442647315561771, 2.1350190974771976, 6.41942024230957, 24.97282223775983, 96.31312629207969, 400.1808890141547], "8": [2.0303898490965366, 1.9464563578367233, 1.9266678020358086, 2.1830881014466286, 3.573987539857626, 7.95539477840066, 21.79743181914091, 92.81313717365265, 283.61552776768804], "16": [4.634270258247852, 4.1627466678619385, 4.034392070025206, 4.060601722449064, 4.5191725715994835, 7.208568602800369, 17.25372690707445, 56.29558563232422, 234.33170123025775]}}