{"dims": [1, 3, 7, 15, 31, 63, 127, 255, 511], "perf_map": {"1": [0.03721080720424652, 0.07808953523635864, 0.2759132534265518, 1.0123943910002708, 4.643108323216438, 18.79855077713728, 79.32840678840876, 313.2366438396275, 1298.0783453211188], "2": [0.039253104478120804, 0.06280913949012756, 0.1794610172510147, 0.6589291617274284, 2.602348942309618, 10.514103062450886, 41.12410247325897, 172.30110000818968, 737.6418305560946], "4": [0.04522465169429779, 0.056040193885564804, 0.11874651536345482, 0.3991442732512951, 1.5310989692807198, 5.9212952852249146, 23.46828728914261, 93.48846254870296, 372.623451333493], "8": [0.06029671058058739, 0.06469767540693283, 0.10246234014630318, 0.2814498730003834, 1.2120806612074375, 5.968277994543314, 24.837270099669695, 93.77783676609397, 374.3805111385882], "16": [0.09579388424754143, 0.09940871968865395, 0.13749180361628532, 0.2864365465939045, 0.8876819163560867, 3.211264032870531, 13.546703662723303, 51.80176105350256, 225.04689302295446]}}