{
    "iters": [
        10,
        10,
        10,
        10,
        10,
        10,
        10,
        10,
        10,
        10
    ],
    "dims": [
        3,
        6,
        12,
        24,
        48,
        96,
        192,
        384,
        768,
        1536
    ],
    "cpu_time_alls": [
        4.504938889294863,
        13.278010301291943,
        46.38525750488043,
        169.6538046002388,
        653.107503708452,
        2558.1001210957766,
        10127.050047367811,
        40581.52756802738,
        162156.859730836,
        648608.2135713659
    ],
    "cpu_time_mains": [
        4.444638267159462,
        12.943228986114264,
        45.508117601275444,
        168.22342444211245,
        649.5754831470549,
        2552.6396464556456,
        10115.605290979147,
        40570.790090598166,
        162162.84824265167,
        648703.3327409998
    ],
    "gpu_time_alls": [
        0.3544258885085583,
        0.39055459201335907,
        0.4566837102174759,
        0.5682713352143764,
        1.0458068922162056,
        2.24178833886981,
        8.260683808475733,
        35.55558156222105,
        145.08190751075745,
        615.5789728276432
    ],
    "gpu_time_mains": [
        0.294219795614481,
        0.3299097530543804,
        0.37797121331095695,
        0.4801390692591667,
        0.8143110200762749,
        1.5083050355315208,
        5.494581814855337,
        23.6949622631073,
        97.45797663927078,
        414.6021742373705
    ],
    "unit": "ms"
}