{"iters": [10, 10, 10, 10, 10, 10, 10, 10, 10, 10], "dims": [1, 3, 7, 15, 31, 63, 127, 255, 511, 1023], "time_alls": [null, null, null, null, null, null, null, null, null, null], "time_mains": [0.21732402965426445, 0.357698742300272, 0.6731742061674595, 1.2589837424457073, 2.498458605259657, 4.9420093186199665, 10.26932643726468, 21.63562774658203, 38.50843841210008, 81.44803317263722], "unit": "ms"}