{"iters": [10, 10, 10, 10, 10, 10, 10, 10, 10, 10], "dims": [1, 3, 7, 15, 31, 63, 127, 255, 511, 1023], "time_alls": [null, null, null, null, null, null, null, null, null, null], "time_mains": [69.780701585114, 123.65565607324243, 224.87443014979362, 430.7577110826969, 833.4923168644309, 1670.9063149057329, 3288.1279269233346, 6626.0817295871675, 13164.617204293609, 26729.86345393583], "unit": "ms"}