{"iters": [10, 10, 10, 10, 10, 10, 10, 10, 10, 10], "dims": [1, 3, 7, 15, 31, 63, 127, 255, 511, 1023], "time_alls": [null, null, null, null, null, null, null, null, null, null], "time_mains": [26.218711119145155, 77.80419727787375, 180.85879171267152, 386.06050880625844, 797.0667370595038, 1617.890442814678, 3264.3451520241797, 6551.445786375552, 13232.669424638152, 26349.245614744723], "unit": "ms"}