{"iters": [10, 10, 10, 10, 10, 10, 10, 10, 10, 10], "dims": [1, 3, 7, 15, 31, 63, 127, 255, 511, 1023], "time_alls": [null, null, null, null, null, null, null, null, null, null], "time_mains": [0.7861272431910038, 0.8744522929191589, 0.8802811615169048, 0.9057456627488136, 0.9254737757146358, 1.0166590102016926, 1.2010267935693264, 1.6950289718806744, 4.111520852893591, 8.277487196028233], "unit": "ms"}