{"iters": [10, 10, 10, 10, 10, 10, 10, 10, 10, 10], "dims": [1, 3, 7, 15, 31, 63, 127, 255, 511, 1023], "time_alls": [null, null, null, null, null, null, null, null, null, null], "time_mains": [0.29932837933301926, 0.3091408871114254, 0.31069954857230186, 0.355655699968338, 0.4249187186360359, 0.6385942921042442, 0.9541396051645279, 1.6120470128953457, 4.137202072888613, 8.552107959985733], "unit": "ms"}