{"iters": [10, 10, 10, 10, 10, 10, 10, 10, 10, 10], "dims": [1, 3, 7, 15, 31, 63, 127, 255, 511, 1023], "time_alls": [null, null, null, null, null, null, null, null, null, null], "time_mains": [0.5539122968912125, 0.8115745149552822, 0.8571896702051163, 1.7114832997322083, 3.014382254332304, 5.515668913722038, 10.913422144949436, 22.137625236064196, 40.51465056836605, 81.99478648602962], "unit": "ms"}