{"iters": [10, 10, 10, 10, 10, 10, 10, 10, 10, 10], "dims": [1, 3, 7, 15, 31, 63, 127, 255, 511, 1023], "time_alls": [null, null, null, null, null, null, null, null, null, null], "time_mains": [4.171810671687126, 4.1100190952420235, 4.2350600473582745, 4.707227181643248, 6.172915548086166, 9.027215745300055, 14.00230685248971, 24.39492642879486, 44.98157203197479, 86.62590077146888], "unit": "ms"}