{"iters": [10, 10, 10, 10, 10, 10, 10, 10, 10, 10], "dims": [1, 3, 7, 15, 31, 63, 127, 255, 511, 1023], "time_alls": [null, null, null, null, null, null, null, null, null, null], "time_mains": [4.608873184770346, 5.636382382363081, 8.01572734490037, 12.717567384243011, 13.859359454363585, 19.76258624345064, 21.61359302699566, 30.37366336211562, 53.54625340551138, 94.65583711862564], "unit": "ms"}